ID#,Date,TimeStart,TimeEnd,State,Title,Location,Zipcode,Organizer,OrganizerFacebook,OrganizerTwitter,OrganizerWebsite,Link1,Link2,Link3,Link4,Highlight,Attendees,IsBernie
,6/27/2015,,,RI,"Meetup for Bernie Sanders, Warwick public library",,,,,,,"Facebook,https://www.facebook.com/events/845724745502354/","Reddit,https://www.reddit.com/r/RhodeIsland4Sanders/comments/38x8vs/rhode_island_for_bernie_sanders_june_27th_meetup/",,,,62,
,6/27/2015,12:00 PM,2:30 PM,WA,Thurston/Olympia For Bernie Meetup,,,,,,,"People for Bernie,http://www.peopleforbernie.com/10862/olympia_for_bernie?recruiter_id=10862","Facebook,https://www.facebook.com/events/1620922028120733/","Reddit,https://www.reddit.com/r/WashingtonForSanders/comments/3arew6/this_saturday_627thurstonolympia_for_bernie_meetup/",,,85,
,6/28/2015,,,IL,March for Bernie at Chicago Pride,TBA,,,,,,"Reddit,https://www.reddit.com/r/Illinois4Sanders/comments/3a79hh/anybody_up_for_marching_for_bernie_at_chicago/","Facebook,https://www.facebook.com/groups/ChicagoForBernie/",,,,,
,6/28/2015,2:00 PM,,NY,"Pride March for Bernie, NYC",,,,,,,"Facebook,https://www.facebook.com/events/872609489472074/","Reddit,https://www.reddit.com/r/NewYorkForSanders/comments/3auub0/dont_fiddle_while_new_york_berns_wont_you_join_us/",,,,216,
,6/28/2015,3:00 PM,5:00 PM,TX,"San Antonio Win, Bernie, Win! Party",,,,,,,"Facebook,https://www.facebook.com/events/694053690739190/","Reddit,https://www.reddit.com/r/TexasForSanders/comments/38o7cr/san_antonio_win_bernie_win_party_june_28/",,,,91,
,6/29/2015,7:00 PM,8:30,NY,"Long Island meetup, West Babylon, NY",,,,,,,"Facebook,https://www.facebook.com/events/1449302548705650/","Reddit,https://www.reddit.com/r/NewYorkForSanders/comments/3awzis/long_island_for_bernie_sanders_meetup_june_29_700/",,,,25,
,6/29/2015,6:30 PM,8:00 PM,PA,PA - Lancaster! - It's a Bernie Party!,"The Seed, 52 N Queen St, Lancaster, Pennsylvania 17603",,,,,,"Facebook,https://www.facebook.com/events/1611276449160561/",,,,,3,
30,7/3/2015,9:00 AM,10:00 AM,IA,(Official) Sheldon Town Meeting Breakfast,Town Meeting Breakfast        ,,,,,,"Official Bernie Site,https://go.berniesanders.com/page/event/detail/townmeetings/wx4",,,,,,
9,7/5/2015,5:00 PM,,AR,#BernieFestLR,"Trey & Jennifer's House 721 S Booker St Little Rock, AR 72205 United States",,People for Bernie,,,http://www.peopleforbernie.com,even,,,,,,
31,7/3/2015,12:00 PM,1:00 PM,IA,(Official) Storm Lake Town Meeting,"Better Day Café, Storm Lake, IA
",,,,,,"Official Bernie Site,https://go.berniesanders.com/page/event/detail/townmeetings/wxv",,,,,,
12,7/5/2015,5:00 PM,7:00 PM,CA,San Diego For Bernie Sanders,"Grassroots Oasis 3130 Moore St San Diego, CA 92110 United States",,People For Bernie,,,http://www.peopleforbernie.com/,"People For Bernie,http://www.peopleforbernie.com/andrewc/san_diego_for_bernie_sanders","Facebook,https://www.facebook.com/events/389900351211572/",,,,,
13,7/9/2015,11:45 AM,,CA,GREET COMIC CON FANS,"Embarcadero Marina Park South Behind the Downtown San Diego Convention Center Marina Park Way, San Diego, CA",,San Diego For Bernie Sanders,,,http://www.meetup.com/San-Diego-For-Bernie-Sanders-2016/,"Meetup,http://www.meetup.com/San-Diego-For-Bernie-Sanders-2016/events/223564697/",,,,,,
32,7/3/2015,3:00 PM,4:00 PM,IA,(Official) Denison Parade,"Parade starts behind the post office (Denison, IA) 102 N Main Street Denison, IA 51442",,,,,,"Official Bernie Site,https://go.berniesanders.com/page/event/detail/marchwithbernie/wxg",,,,,,
33,7/3/2015,7:00 PM,8:00 PM,IA,"(Official) Council Bluffs Town Meeting
","Mid­America Center (Council Bluffs, IA) Ballroom A 1 Arena Way Council Bluffs",,,,,,"Official Bernie Site,https://go.berniesanders.com/page/event/detail/townmeetings/wxj",,,,,,
50,7/3/2015,5:00 PM,6:00 PM,MN,Stand for Bernie Sanders,"Duluth, Minnesota, Lake Ave. And Superior St.",,,,,,"Facebook,https://www.facebook.com/events/598445730295956/",,,,,29,
52,7/3/2015,7:00 PM,8:00 PM,NE,(Official) Bernie will be in Council Bluffs,"Mid­America Center (Council Bluffs, IA) Ballroom A 1 Arena Way Council Bluffs, IA 51501",,,,,,"Offial Bernie Site,https://go.berniesanders.com/page/event/detail/townmeetings/wxj",,,,,,
109,7/3/2015,6:00 PM,,OH,"Red, White & BOOM! Canvassing",Buttles Avenue and High Street - Northwest Corner,,Central Ohio Grassroots for Sanders,,,https://www.facebook.com/groups/349053251972140/,"Facebook,https://www.facebook.com/events/1111393662210671/",,,,,1,
193,7/10/2015,4:00 PM,,AZ,Millan's Bernie Sanders Strategy Meeting,,,,,,,"Facebook,http://www.facebook.com/1480161968943763",,,,,,
194,7/10/2015,,,ALL,$5 Friday for Bernie Sanders 2016,Everywhere via ActBlue,,,,,,"Facebook,http://www.facebook.com/1457146284603344",,,,,,
215,7/10/2015,6:30 PM,,OH,Canvassing Dayton tonight,"Kettering Tower Dayton, Ohio 45423",,Ohio For Sanders,,,https://www.facebook.com/OhioForSanders,"Facebook,https://www.facebook.com/events/414391465435111/",,,,,,
16,7/11/2015,11:00 AM,1:00 PM,CA,San Francisco and Bay Area for Bernie meetup,"San Francisco Public Library, 100 Larkin Street, San Francisco, CA 94102, United States",,Bernie Sanders 2016,,,http://www.berniesanders.com,"Official Bernie Site,https://go.berniesanders.com/page/event/detail/wxz","People for Bernie,http://www.peopleforbernie.com/andrewh/san_francisco_ca_and_bay_area_for_bernie",,,,,
18,7/11/2015,12:00 PM,3:00 PM,CA,Join the Bernie Sanders Revolution,"Mexicali Bar and Grill 1690 Spruce St, Riverside, California 92507",,,,,,"Facebook,https://www.facebook.com/events/1103694886313908/",,,,,,
161,7/11/2015,,,CO,Grand Junction For Bernie Sanders Meet Up,"Lincoln park Grand Junction, CO 81501 United States",,People For Bernie,,,http://www.peopleforbernie.com,"People For Bernie,http://www.peopleforbernie.com/38692/grand_junction_for_bernie_sanders_meet_up",,,,,,
21,7/11/2015,12:00 PM,3:00 PM,DUPLICATE,Join the Bernie Sanders Revolution,"Mexicali Bar and Grill 1690 Spruce St, Riverside, California 92507",,,,,,"Facebook,https://www.facebook.com/events/1103694886313908/",,,,,,
144,7/11/2015,,,DUPLICATE,Grand Junction For Bernie Sanders Meet Up,1910 North Ave,,People For Bernie,,,http://www.peopleforbernie.com,"People For Bernie,http://www.peopleforbernie.com/38692/grand_junction_for_bernie_sanders_meet_up_hokaewgtslpoc2qrsoyfjzvpgg",,,,,,
146,7/11/2015,,,DUPLICATE,San Francisco CA and Bay Area for Bernie,100 Larkin St,,People For Bernie,,,http://www.peopleforbernie.com,"People For Bernie,http://www.peopleforbernie.com/andrewh/san_francisco_ca_and_bay_area_for_bernie",,,,,,
162,7/11/2015,,,DUPLICATE,Grand Junction for Bernie Sanders,1910 North Ave,,People For Bernie,,,http://www.peopleforbernie.com,"People For Bernie,http://www.peopleforbernie.com/38692/grand_junction_for_bernie_sanders_grc8i0ecbgltqsqnnjlhwmiyhdg",,,,,,
169,7/11/2015,,,DUPLICATE,Grand Junction for Bernie Sanders,1910 North Ave,,People For Bernie,,,http://www.peopleforbernie.com,"People For Bernie,http://www.peopleforbernie.com/38692/grand_junction_for_bernie_sanders",,,,,,
2,6/30/2015,,,ALL,"
$10 Cash Bomb 4 Bernie - First Reporting Deadline Edition",,,,,,,"Facebook,https://www.facebook.com/events/962897073731420/",,,,,367,
25,7/11/2015,4:00 PM,,FL,Orlando Florida for Bernie meetup,"1180 Harwood Ave #1000 Altamonte Springs, FL 32714",,Central Florida Bernie Sanders supporters,,,http://www.meetup.com/Central-Florida-Bernie-Sanders-supporters/,"Reddit,https://www.reddit.com/r/FloridaForSanders/comments/3acgr1/come_to_the_second_orlando_florida_for_sanders/","Meetup,http://www.meetup.com/Central-Florida-Bernie-Sanders-supporters/events/223358833/",,,,,
154,7/11/2015,,,FL,Florida for Sanders Meetup,"1180 Harwood Ave First Floor Altamonte Springs, FL 32714 United States",,People For Bernie,,,http://www.peopleforbernie.com,"People For Bernie,http://www.peopleforbernie.com/lcboyette/florida_for_sanders_meetup",,,,,,
39,7/9/2015,7:00 PM,9:00 PM,IL,Chicago Wants Bernie!,"2546 - 48 W Peterson Ave, Chicago, IL 60659",,Run Bernie Run,,,https://www.facebook.com/PDARunBernieRun,"Facebook,https://www.facebook.com/events/793513474095507/",,,,,,
211,7/11/2015,1:00 PM,,GA,Communications & Social media for Bernie Sanders,"Post Alexander 3410 Alexander Rd NE, Atlanta, Georgia 30326 (Call (404)451-7322 To get in the building.)",,Georgia for Bernie Sanders campaign group,,,https://www.facebook.com/groups/GeorgiaforBernieSanders/,"Facebook,https://www.facebook.com/events/1632032810371266/",,,,,,
37,7/11/2015,,,IA,Canvassing in Davenport (July 11 & 12),,,Quad-cities for Bernie Sanders,,,https://www.facebook.com/qcforbernie?ref=aymt_homepage_panel,"Facebook,https://www.facebook.com/events/872812802801526/",,,,,,
59,6/30/2015,7:00 PM,,OH,Plan on attending Athens for Bernie Sanders first Meetup Tuesday June 30th,"Athens Public Library 30 Home Street, Athens, OH",,,,,,"Meetup,http://www.meetup.com/Athens-for-Bernie-Sanders/events/223120138/","Facebook,https://www.facebook.com/groups/720332861428314/",,,,6,
3,7/1/2015,7:30 PM,9:00 PM,ALL,#FeelTheBern Nationwide Conference Call,,,,,,,"Facebook,https://www.facebook.com/events/1041740609177385/",,,,,299,
11,7/1/2015,,,CA,"The San Diego Democracy for America  - DFA Meetup:CHRIS WARD/City C'L#3. KAMI Olsson,Dir. Organizer at SDCDP",Address only open to members,,,,,,"Meetup,http://www.meetup.com/dfa-23/events/223038976/",,,,,9,
17,7/1/2015,5:30,,CA,Berner Happy Hour - Bernie Sanders for President,"Local Edition 691 Market St, San Francisco, California 94105",,,,,,"Facebook,https://www.facebook.com/events/935298329864419/",,,,,15,
38,7/1/2015,Morning,,IL,Bus ride to Bernie's rally in Madison,"1919 Alliant Energy Center Way Madison, WI 53713",,,,,,"Facebook,https://www.facebook.com/events/1642527172654647/","Reddit,https://www.reddit.com/r/Illinois4Sanders/comments/3b5s6q/rally_in_madison/",,,,10,
77,7/1/2015,7:00 PM,8:00 PM,WI,(Official) Madison Rally with Bernie,"Veterans Memorial Coliseum at Alliant Energy Center (Madison, WI) 1919 Alliant Energy Center Way Madison, WI 53713",,,,,,"Official Bernie Site,https://go.berniesanders.com/page/event/detail/townmeetings/wrtj","Facebook,https://www.facebook.com/events/1723859444508194/","Reddit,https://www.reddit.com/r/Wisconsin4Sanders/comments/3b5bn8/madison_rally_with_bernie_sanders_facebook_event/",,,,
92,7/11/2015,6:00 AM,9:00 PM,IA,"WALKIN N TALKIN IN DES MOINES, IOWA","DES MOINES, IOWA ",,,,https://twitter.com/kc4bernie,,"Sign Up site,http://www.signupgenius.com/go/20f0545afaa2aa6fa7-brigade",,,,,,
191,7/11/2015,2:00 PM,,IA,Bernie Sanders 2016 Sioux City Organizing Meeting,Sioux City Public Library 529 Pierce St Sioux City IA,,,,,,"Facebook,http://www.facebook.com/1606737909587783",,,,,,
44,7/6/2015,7:00 PM,8:00 PM,ME,(Official) Portland Town Meeting,"Cross Insurance Arena 1 Civic Center Square Portland, ME 04101",,Bernie Sanders 2016,,,http://www.berniesanders.com,"Official Bernie Site,https://go.berniesanders.com/page/event/detail/townmeetings/wrt7",,,,,,
208,7/11/2015,10:30 AM,12:00 PM,MD,Baltimore for Bernie Meeting,"Southeast Anchor Branch Library 3601 Eastern Ave Baltimore, MD 21224",,Maryland for Bernie Sanders,,,https://www.facebook.com/MD4Bernie?fref=ts,"Facebook,https://www.facebook.com/events/1461992610761161/","Reddit,https://www.reddit.com/r/Maryland4Sanders/comments/3bvsto/baltimore_for_bernie_meeting_on_july_11/",,,,,
28,7/2/2015,7:30 PM,8:30 PM,IA,(Official) Sioux City Town Meeting,"Morningside College (Sioux City, IA) Yockey Community Room, Olsen Student Center 3609 Peters Avenue Sioux City, IA 51106",,,,,,"Official Bernie Site,https://go.berniesanders.com/page/event/detail/townmeetings/wxw",,,,,,
45,7/11/2015,11:00 AM,12:00 PM,ME,Maine for Bernie,"Monument Square, Portland, ME 04101 United States",,People for Bernie,,,http://www.peopleforbernie.com,"People for Bernie,http://www.peopleforbernie.com/shannonmcc/maine_for_bernie_mexvkrgmpywpqdjhvq2_zgzw6xi",,,,,,
47,7/11/2015,2:00 PM,,MI,Detroit for Bernie 2016 - Organizing for Bernie Sanders in Detroit,"Hopcat 4265 Woodward Ave, Detroit, Michigan 48201",,Detroit for Bernie,,,https://www.facebook.com/groups/1028459167179443/,"Facebook,https://www.facebook.com/events/1587538814846270/",,,,,,
53,7/11/2015,2:00 PM,,NM,"2nd Las Cruces ""People for Bernie Sanders"" Meetup","Mountain View Market Co-Op 1300 El Paseo Road # M, Las Cruces, NM",,Las Cruces People for Bernie Sanders,,,http://www.meetup.com/Las-Cruces-People-for-Bernie-Sanders-Meetup/,"Meetup,http://www.meetup.com/Las-Cruces-People-for-Bernie-Sanders-Meetup/events/223587773/","People For Bernie,http://www.peopleforbernie.com/richardwright16/2nd_las_cruces_for_bernie_sanders_meetup",,,,,
133,7/11/2015,,,NM,SIGN AND BUTTON PARTY -- JOIN US !!!! --- JULY 11 AT NOON,"Rick abnd Deb Paprocki home 7119 Seminole Rd NE Albuquerque`, NM 87112 United States",,People For Bernie,,,http://www.peopleforbernie.com,"People For Bernie,http://www.peopleforbernie.com/drguy/sign_and_button_party_join_us_july_11_at_noon",,,,,,
54,7/6/2015,6:00 PM,8:00 PM,NY,Meetup for Bernie in Buffalo,"Delevan Grider Community Center: 877 E Delavan Ave, Buffalo, NY 14215",,Bufallo for Bernie Sanders,,,https://www.facebook.com/pages/Buffalo-for-Bernie-Sanders/1636972909852447,"Facebook,https://www.facebook.com/events/852324808192163/","Reddit,https://www.reddit.com/r/NewYorkForSanders/comments/3arkpw/bernie_sanders_meet_up_in_buffalo/",,,,,
55,7/6/2015,7:00 PM,9:00 PM,NY,Brooklyn For Bernie!,"190 22nd st, Brooklyn 4th floor Apt 4.",,Brooklyn for Bernie,,,http://www.meetup.com/BERNIE-SANDERS-FOR-PRESIDENT-2016/,"Meetup,http://www.meetup.com/BERNIE-SANDERS-FOR-PRESIDENT-2016/events/223561634/","Reddit,https://www.reddit.com/r/NewYorkForSanders/comments/3bfy7n/brooklyn_for_sanders_meetup_july_6th/",,,,,
56,7/11/2015,12:00 PM,5:00 PM,NY,Democratic Socialists of America - Street Outreach for Bernie Sanders,"Upper West Side 93rd St. and Broadway, New York, NY",,Democratic Socialists of America,,,http://www.dsausa.org/,"Meetup,http://www.meetup.com/nycdsa/events/223603628",,,,,,
58,7/11/2015,2:00 PM,,CANCELLED,Nassau County for Sanders Meetup,"Koch Learning 569 Seaman Avenue Baldwin, NY 11510 ",,Nassau County for Bernie Sanders,,,http://www.meetup.com/NassauCountyforSanders/,"Meetup,http://www.meetup.com/NassauCountyforSanders/events/223586468/","Email Organizers,mailto:nassaucountyforsanders@gmail.com","Facebook,http://www.meetup.com/NassauCountyforSanders/events/223586468/",,,,
125,7/11/2015,2:00 PM,,DUPLICATE,Plan meetings and activities. Discuss political & social media experience,"Koch Library, 569 Seaman Avenue, Baldwin, NY",,Nassau County for Bernie Sanders,,,http://www.meetup.com/NassauCountyforSanders/,"Facebook,http://www.meetup.com/NassauCountyforSanders/events/223586468/",,,,,,
60,7/11/2015,4:30 PM,6:00 PM,OH,Southwest Ohio meetup for Bernie,,,People for Bernie,,,http://www.peopleforbernie.com,"People for Bernie,http://www.peopleforbernie.com/doubleequals/cincinnati_hamilton_fairfield_west_chester_meetup","Reddit,https://www.reddit.com/r/ohioforsanders/comments/3b4uke/southwest_ohio_meetup/",,,,,
86,7/11/2015,4:30 PM,,OH,First Bernie Sanders meetup for Cincinnati region!,"Groesbeck Library 2994 W Galbraith Rd, Cincinnati, OH",,Central Ohio Grassroots for Bernie Sanders,,,http://www.meetup.com/Southern-Ohio-Grassroots-for-Bernie-Sanders/,"Meetup,http://www.meetup.com/Southern-Ohio-Grassroots-for-Bernie-Sanders/events/223568203/",,,,,,
145,7/11/2015,,,DUPLICATE,Cincinnati/Hamilton/Fairfield/West Chester Meetup,2994 W Galbraith Rd,,People For Bernie,,,http://www.peopleforbernie.com,"People For Bernie,http://www.peopleforbernie.com/doubleequals/cincinnati_hamilton_fairfield_west_chester_meetup",,,,,,
64,7/11/2015,11:00 AM,12:00 PM,OR,Eugene For Bernie,"Eugene Growers Market 454 Willamette St. Eugene, OR",,,,,,"Contact Organizer via Email,mailto:jerrybe99@gmail.com",,,,,,
29,7/2/2015,3:00 PM,4:00 PM,IA,(Official) Fort Dodge Town Meeting,"Iowa Central Community College, Fort Dodge, IA",,,,,,"Official Bernie Site,https://go.berniesanders.com/page/event/detail/townmeetings/wrtw",,,,,,
49,7/2/2015,9:00 AM,10:00 AM,MN,(Official) Rochester fundraiser brunch and town meeting,"Rochester International Event Center (Rochester, MN) 7333 Airport View Drive SW Rochester, MN 55902",,,,,,"Official Bernie Site,https://go.berniesanders.com/page/event/detail/fundraisingbrunchtownmeeting/wxf","Reddit,https://www.reddit.com/r/Minnesota4Sanders/comments/3b51ky/bernie_sanders_is_coming_to_rochester_next/",,,,,
122,7/11/2015,10:00 AM,11:30 AM,SC,Volunteers For Bernie -- Greenville Planning Meeting,"Coffee Underground 1 E Coffee St, 29601, Greenville, SC",,South Carolina for Bernie Sanders,,,http://www.meetup.com/South-Carolina-for-Bernie-Sanders-2016/,"Meetup,http://www.meetup.com/South-Carolina-for-Bernie-Sanders-2016/events/223698124",,,,,,
74,7/11/2015,8:00 AM,12:00 PM,VA,Virginians for Bernie Sanders - 07/11 #Bernie2016 RVA Action Event,"Crossroads Coffee and Ice Cream 3600 Forest Hill Ave, Richmond, VA",,Virginians for Bernie Sanders 2016,,,http://www.meetup.com/Virginians-for-Bernie-Sanders-2016/,"Meetup,http://www.meetup.com/Virginians-for-Bernie-Sanders-2016/events/223543385/",,,,,,
127,7/11/2015,2:00 PM,,VA,Virginians 4 Bernie Sanders,"Reston Regional Library, 11925 Bowman Towne Drive, Reston, VA",,Virginians for Bernie Sanders 2016,,,http://www.meetup.com/Virginians-for-Bernie-Sanders-2016/,"Meetup,http://www.meetup.com/Virginians-for-Bernie-Sanders-2016/events/223606390/",,,,,,
70,7/5/2015,12:00 PM,,TX,Fort Worth for Bernie Sanders - 3rd Meeting (Picking up Momentum),"Fairmount Community Library 1310 W. Allen Ave., Fort Worth, TX",,Fort Worth for Bernie Sanders,,,http://www.meetup.com/Fort-Worth-for-Bernie-Sanders/,"Meetup,http://www.meetup.com/Fort-Worth-for-Bernie-Sanders/events/223495023/",,,,,,
71,7/8/2015,6:00 PM,7:00 PM,TX,Houstonians for Bernie - Deputy Voter Registrar Training,"Emerson Unitarian Universalist Church 1900 Bering Dr, Houston, TX",,Houstonians for Bernie Sanders,,,http://www.meetup.com/Houstonians-For-Bernie-Sanders/,"Meetup,http://www.meetup.com/Houstonians-For-Bernie-Sanders/events/223290417",,,,,,
72,7/8/2015,7:30 PM,9:00 PM,TX,Houstonians For Bernie Sanders - 5th Organizing Meeting - Actually we are now DOING!,"Theo's 812 Westheimer, Houston, TX ",,Houstonians for Bernie Sanders,,,http://www.meetup.com/Houstonians-For-Bernie-Sanders/,"Meetup,http://www.meetup.com/Houstonians-For-Bernie-Sanders/events/223496428",,,,,,
73,7/9/2015,7:00 PM,9:00 PM,VA,Rebooting Our Policy Agenda To Reclaim The American Dream (Bernie Sanders is speaking at this),"The National Rural Electric Cooperative Association (NRECA) 4301 Wilson Blvd, Arlington, VA 22203",,Progressive Democrats of America,,,http://www.pdamerica.org/,"Progressive Democrats of America,http://hq-salsa3.salsalabs.com/o/1987/p/salsa/event/common/public/index.sjs?event_KEY=82497","Facebook,https://www.facebook.com/events/509393732543505/","Meetup, http://www.meetup.com/Virginians-for-Bernie-Sanders-2016/events/223541328",,,,
192,7/11/2015,1:00 PM,5:00 PM,WA,March for Bernie Sanders!  Everson-Nooksack parade and Bellingham Pride!,Bellingham High School 2020 Cornwall Ave Bellingham WA,,,,,,"Facebook,http://www.facebook.com/1470121326632561",,,,,,
132,7/11/2015,,,,2nd Las Cruces for Bernie Sanders Meetup!!!,1300 El Paseo Rd,,People For Bernie,,,http://www.peopleforbernie.com,"People For Bernie,http://www.peopleforbernie.com/richardwright16/2nd_las_cruces_for_bernie_sanders_meetup",,,,,,
147,7/11/2015,,,,Maine for Bernie,Monument Square is a town square in Portland Maine,,People For Bernie,,,http://www.peopleforbernie.com,"People For Bernie,http://www.peopleforbernie.com/shannonmcc/maine_for_bernie",,,,,,
164,7/11/2015,,,,Maine for Bernie,Monument Square is a town square in Portland Maine,,People For Bernie,,,http://www.peopleforbernie.com,"People For Bernie,http://www.peopleforbernie.com/shannonmcc/maine_for_bernie_mexvkrgmpywpqdjhvq2_zgzw6xi",,,,,,
87,7/2/2015,6:30 PM,,MN,Outreach and canvassing meeting,"Boneshaker Books 2002 23rd Avenue South, Minneapolis, MN",,Minnesota for Bernie Sanders 2016,,https://twitter.com/mn4bernie/,http://www.meetup.com/Minnesota-for-Bernie-Meetup/,"Meetup,http://www.meetup.com/Minnesota-for-Bernie-Meetup/events/223585085/",,,,,3,
62,7/2/2015,6:00 PM,1:00 PM,OH,Central Ohio Grassroots Meeting,"300 W Lane Ave, Columbus, OH 43201 (Panera on Lane)",,,,,,"No Link,javascript: void(0);",,,,,,
68,7/2/2015,5:30 PM,8:00 PM,TN,"We'll be building connections, working on expanding our influence.","VFW Post 1491 Riverside Drive, Chattanooga, TN",,,,,,"Meetup,http://www.meetup.com/Chattanooga-Bernie-Sanders-Meetup/events/223432640/",,,,,10,
1,7/12/2015,4:00 PM,6:00 PM,AL,1st #Bernieham Meetup," Good People Brewing Company 114 14th St S, Birmingham, Alabama 35233",35233,Alabama for Bernie 2016,,,https://www.facebook.com/pages/Alabama-for-Bernie-2016/861144700644341,"Facebook,https://www.facebook.com/events/1562582757331175/",,,,,,
22,7/12/2015,2:00 PM,4:00 PM,CO,Bernie Sanders House Party and Fundraiser!!,TBA,,Liberal Boomers Colorado,,,http://www.meetup.com/LiberalBoomersCo/,"Meetup,http://www.meetup.com/LiberalBoomersCo/events/223094992/",,,,,,
24,7/12/2015,1:00 PM,,CT,CT for Bernie Sanders Organizing Meeting,"UE Local 222, CILU CIPU 36B Kreiger Lane, PO Box 938, Glastonbury, Connecticut 06033",06033,CT for Bernie Sanders,,,https://www.facebook.com/groups/CTforBernieSanders/,"Facebook,https://www.facebook.com/events/859145717456086/",,,,,,
42,7/12/2015,3:00 PM,4:30 PM,IN,"Elkhart, Indiana for Bernie Sanders - Bernie Sanders Meet Up","Historic Roosevelt Center 215 E Indiana Ave, Elkhart, Indiana 46516",46516,"Elkhard, Indiana for Bernie Sanders",,,https://www.facebook.com/groups/1610836625861906/,"Facebook,https://www.facebook.com/events/779191145527910/",,,,,,
69,7/2/2015,5:30,7:30,,"
BERNIE SANDERS Chattanooga July Meetup","VFW Post 4848 1491 Riverside Drive, Chattanooga, TN, Chattanooga, Tennessee",,,,,,"Meetup,http://www.meetup.com/Chattanooga-Bernie-Sanders-Meetup/events/223432640/",,,,,,
84,7/7/2015,6:00 PM,,SC,Organizational meeting for SC Bernie Sanders!!!,"Modjeska Simkins House 2025 Marion Street, Columbia, SC",,South Carolina for Bernie Sanders 2016,,,http://www.meetup.com/South-Carolina-for-Bernie-Sanders-2016/,"Meetup,http://www.meetup.com/South-Carolina-for-Bernie-Sanders-2016/events/223651443/",,,,,,
43,7/12/2015,12:00 PM,10:00 PM,KY,"1st Rally in Louisville, Kentucky for Bernie","Tim Faulkner Gallery, 1512 Portland Ave, Louisville, Kentucky 40203",40203,,,,,"Facebook,https://www.facebook.com/events/1744844492408901/","People For Bernie,http://www.peopleforbernie.com/journey4bernie/_kentucky_for_bernie_sanders_first_rally","Reddit,https://www.reddit.com/r/KentuckyForSanders/comments/3ad0jo/rally_for_sanders_in_louisville_on_july_12th/",,,,
85,7/8/2015,6:30 PM,,OH,Bernie Sanders meetup for Dayton,"Montgomery County Democratic 131 S Wilkinson St, Dayton, OH",,Central Ohio Grassroots for Bernie Sanders,,,http://www.meetup.com/Southern-Ohio-Grassroots-for-Bernie-Sanders/,"Meetup,http://www.meetup.com/Southern-Ohio-Grassroots-for-Bernie-Sanders/events/223640435/",,,,,,
48,7/12/2015,1:30 PM,2:30 PM,MI,Grand Rapids Team Leaders Meeting,"Yesterdog 1505 Wealthy St SE, Grand Rapids, MI 49506",49506,,,,,"No Link,javascript: void(0);",,,,,,
51,7/12/2015,7:00 PM,,NC,"""Elect Bernie Sanders for President"" Dinner-Discussion",Address only open to members,,"""Elect Bernie Sanders for President"" Dinner-Discussion Group",,,http://www.meetup.com/Elect-Bernie-Sanders-Dinner-Discussion-Meetup,"Meetup,http://www.meetup.com/Elect-Bernie-Sanders-Dinner-Discussion-Meetup/events/223201221/",,,,,,
76,7/12/2015,2:00 PM,4:00 PM,VA,Bernie Sanders Northern Virginia Meetup,"Reston Regional Library 11925 Bowman Towne Dr, Reston, Virginia 20190",20190,,,,,"Facebook,https://www.facebook.com/events/893404260727800/",,,,,,
89,7/12/2015,3:00 PM,,CA,Bernie Brainstorm,Location is shown only to members,,People for Bernie Sanders 2016 Ventura County,,,http://www.meetup.com/People-for-Bernie-Sanders-2016-Ventura-County/,"Meetup,http://www.meetup.com/People-for-Bernie-Sanders-2016-Ventura-County/events/223485418/",,,,,,
93,7/12/2015,6:00 AM,9:00 PM,IA,"WALKIN N TALKIN IN DES MOINES, IOWA","DES MOINES, IOWA ",,Greater Kansas City for Bernie Sanders 2016,,https://twitter.com/kc4bernie,https://www.facebook.com/KC4Bernie?fref=ts,"Sign Up site,http://www.signupgenius.com/go/20f0545afaa2aa6fa7-brigade",,,,,,
90,7/6/2015,6:00 PM,,NY,NYC4Bernie Chelsea Meetup,"Jake's Saloon 206 West 23rd Street, New York, NY",,NYC4Bernie,,,http://www.meetup.com/NYCforBERNIE/,"Meetup,http://www.meetup.com/NYCforBERNIE/events/223613589/",,,,,,
121,7/12/2015,2:00 PM,4:00 PM,VA,#Bernie2016 NoVA Meetup,"Reston Regional Library 11925 Bowman Towne Drive, Reston, VA ",20190,Virginians for Bernie Sanders 2016,,,http://www.meetup.com/Virginians-for-Bernie-Sanders-2016/,"Meetup,http://www.meetup.com/Virginians-for-Bernie-Sanders-2016/events/223606390",,,,,,
126,7/12/2015,2:00 PM,,DUPLICATE,Bernie Sanders Northern Virginia Meetup,"Reston Regional Library, 11925 Bowman Towne Dr, Reston, Virginia 20190",,NOVA 4 Bernie Sanders,,,,"Facebook,https://www.facebook.com/events/893404260727800/",,,,,,
131,7/12/2015,,,DUPLICATE,NOVA 4 Bernie Sanders Meetup,11925 Bowman Town Dr,,People For Bernie,,,http://www.peopleforbernie.com,"People For Bernie,http://www.peopleforbernie.com/sansarising/nova_4_bernie_sanders_meetup",,,,,,
142,7/12/2015,,,CA,People for Bernie Sanders 2016 Ventura County - Bernie Brainstorm!,"Oxnard, CA 93035",93035,People For Bernie,,,http://www.peopleforbernie.com,"People For Bernie,http://www.peopleforbernie.com/18562/people_for_bernie_sanders_2016_ventura_county_bernie_brainstorm",,,,,,
143,7/12/2015,,,DUPLICATE, Kentucky for Bernie Sanders - First Rally!,1512 Portland Ave,,People For Bernie,,,http://www.peopleforbernie.com,"People For Bernie,http://www.peopleforbernie.com/journey4bernie/_kentucky_for_bernie_sanders_first_rally",,,,,,
157,7/12/2015,,,DUPLICATE,Seattle for Bernie Sanders 2016,5000 Rainier Ave S,,People For Bernie,,,http://www.peopleforbernie.com,"People For Bernie,http://www.peopleforbernie.com/justinmrenquist/seattle_for_bernie_sanders_2016",,,,,,
158,7/12/2015,,,WA,Seattle for Bernie Sanders,"The Royal Room (restaurant/bar) 5000 Rainier Ave S Seattle, WA 98118",98118,People For Bernie,,,http://www.peopleforbernie.com,"People For Bernie,http://www.peopleforbernie.com/justinmrenquist/seattle_for_bernie_sanders",,,,,,
163,7/12/2015,,,DUPLICATE,Bernie Sanders Meet Up,"Elkhart, Indiana Bernie Sanders Meet Up Historic Roosevelt Center - 215 E. Indiana Ave., Elkhart, IN 46516",,People For Bernie,,,http://www.peopleforbernie.com,"People For Bernie,http://www.peopleforbernie.com/rawolf35/bernie_sanders_meet_up",,,,,,
172,7/12/2015,2:00 PM,,WI,Bernie Sanders meetup,"Juneau Park 801 N Lincoln Memorial Dr, Milwaukee, Wisconsin 53202",53202,,,,,"Facebook,https://www.facebook.com/events/905422086193014",,,,,,
186,7/12/2015,7:00 PM,,WA,WEEKENDS FOR BERNIE - Artist Showcase benefitting Bernie Sanders for President,The Pocket Theater 8312 Greenwood Ave N Seattle WA,98103,,,,,"Facebook,http://www.facebook.com/1658249937742369",,,,,,
187,7/12/2015,7:00 PM,,NC,Elect Bernie Sanders for President Dinner-Discussion Meetup Group,Red Hot & Blue (North Raleigh) 6615 Falls of Neuse Rd Raleigh NC,27615,Triangle for Bernie 2016,https://www.facebook.com/groups/104337993233141/,,,"Facebook,http://www.facebook.com/866461996775625",,,,,,
188,7/12/2015,3:00 PM,,WA,Bernie Sanders Meetup #3,The Royal Room 5000 Rainier Ave S Seattle WA,98118,Seattle for Bernie Sanders,http://www.facebook.com/360729947458525,,,"Facebook,http://www.facebook.com/1116717728343394",,,,,,
189,7/12/2015,5:00 PM,7:00 PM,IN,South Bend Meet-Up For Bernie Sanders #4,St. Joe County Democratic Hdq  South Bend IN,46601,,,,,"Facebook,http://www.facebook.com/1460175197632228",,,,,,
190,7/12/2015,4:00 PM,,PA,Pittsburgh for Bernie Sanders Meetup,Schenley Plaza 4100 Forbes Ave Pittsburgh PA,15219,,,,,"Facebook,http://www.facebook.com/1491875637770488",,,,,,
8,7/4/2015,,,ALL,Write a Letter to the Editor Supporting Bernie Sanders,,,Bernie Sanders Social Media Collective,,,https://www.facebook.com/groups/BernieSandersSocialMediaCollective/,"Facebook,https://www.facebook.com/events/397693537096130/",,,,,200,
204,7/12/2015,1:00 PM,,MA,Bike for Bernie,"Minuteman Bikeway Minuteman Bikeway, Arlington, Massachusetts 02474",02474,,,,,"Facebook,https://www.facebook.com/events/583879278419542/595485887258881/",,,,,,
23,7/4/2015,10:00 AM,,CT,Bernie Sanders Boombox Parade March,"Jillson Square Corner of Jackson and Main Streets , Willimantic CT 06226",,Connecticut Bernie Sanders Team,,,https://www.facebook.com/BernieSandersConnecticut,"Facebook,https://www.facebook.com/events/1014911381860808/","Conneticut for Bernie,http://bernie.blog222.net/bbp/",,,,34,
210,7/12/2015,1:00 PM,,IL,Bicycling for Bernie- Chicago,MEETUP TO RIDE AND CAMPAIGN FOR BERNIE,,BICYCLING FOR BERNIE,,,http://www.meetup.com/Bicycling-for-Bernie-Meetup/,"Meetup,http://www.meetup.com/Bicycling-for-Bernie-Meetup/events/223778118/",,,,,,
217,7/12/2015,4:00 PM,,PA,Pittsburgh for Bernie Sanders Meetup,"Schenley Plaza 4100 Forbes Ave, Pittsburgh, Pennsylvania 15219",15219,,,,,"Facebook,https://www.facebook.com/events/1491875637770488/",,,,,,
34,7/4/2015,9:30 AM,,IA,(Official) Creston 4th of July Parade,"Corner of Mills St. & Pine St., Creston, IA",,Bernie Sanders 2016,,,http://www.berniesanders.com,"Official Bernie Site,https://go.berniesanders.com/page/event/detail/marchwithbernie/wxl",,,,,,
35,7/4/2015,1:30 PM,,IA,(Official) Waukee Parade,"Vince Meyer Learning Center, Waukee, IA",,Bernie Sanders 2016,,,http://www.berniesanders.com,"Official Bernie Site,https://go.berniesanders.com/page/event/detail/marchwithbernie/wxy",,,,,,
40,7/13/2015,7:00 PM,,IL,1st Illini for Bernie Meetup,"Illini Union Courtyard Cafe
1401 W Green St, Urbana, Illinois 61801",61801,Illini For Bernie,,,https://www.facebook.com/illiniforbernie,"Facebook,https://www.facebook.com/events/112709949067105/","Reddit,https://www.reddit.com/r/Illinois4Sanders/comments/3azkut/any_interest_in_doing_a_meetup_in_the_next_few/",,,,,
46,7/4/2015,,,MI,March for Bernie in Ann Arbor Parade,"South State Street (south of Williams Street), Ann Arbor",,,,,,"Sign Up site,http://www.signupgenius.com/go/20f0549a5ad22a0ff2-march",,,,,,
79,7/13/2015,7:00 PM,8:30 PM,,PDA Rochester for Bernie Sanders Meet Up,"Espada, Brazilian Steak 274 Goodman St N Suite B116, Rochester, New York 14607",14607,,,,,"Facebook,https://www.facebook.com/events/1072454649450357/",,,,,,
218,7/13/2015,8:30 AM,,MO,Bernie Sanders Welcoming Committee,"Kansas City Convention Center, 301 West 13th Street, Suite 100, Kansas City, Missouri 64105",64105,Greater Kansas City for Bernie Sanders 2016,,,https://www.facebook.com/KC4Bernie,"Facebook,https://www.facebook.com/events/139507389714982/",,,,,,
63,7/14/2015,6:00 PM,,OR,"Portland Bernie Sanders 2016 - Let's eat some food, drink some beer, talk some politics, and plan some action.","KOi Fusion 3040 Se Division St, Portland, OR",97202,Portland Bernie Sanders 2016,,,http://www.meetup.com/Portland-Bernie-Sanders-2016/,"Meetup,http://www.meetup.com/Portland-Bernie-Sanders-2016/events/223187378/",,,,,,
120,7/14/2015,5:30 PM,7:30 PM,NY,Street Outreach for Bernie Sanders,"Union Square 14th Street and University Place, New York, NY",10003,Democratic Socialist of America,,,http://www.dsausa.org,"Meetup,http://www.meetup.com/nycdsa/events/223603759",,,,,,
111,7/6/2015,5:30 PM,7:30 PM,MT,Butte for Bernie Meetup #2,"Carpenters Union 156 W Granite St, Butte, Montana 59701",,Montanans for Bernie Sanders,,,https://www.facebook.com/montanansforberniesanders,"Facebook,https://www.facebook.com/events/675973979213344/",,,,,,
83,7/4/2015,5:00 PM,,SC,SC Unity Festival at the SC Statehouse,"SC Statehouse Gervais Street, Columbia, SC",,South Carolina for Bernie Sanders 2016,,,http://www.meetup.com/South-Carolina-for-Bernie-Sanders-2016/,"Meetup,http://www.meetup.com/South-Carolina-for-Bernie-Sanders-2016/events/223613787/",,,,,8,
91,7/4/2015,2:00:00 PM,7:30 PM,HI,Kona 4th of July Parade & Democratic Party Picnic,"Kailua-Kona, Hawaii",,Hawaii for Bernie,,,https://www.facebook.com/pages/Hawaii-for-Bernie/657219040977005,"Facebook,https://www.facebook.com/events/857166440985844/",,,,,,
112,7/4/2015,10:00 AM,,MT,March for Bernie in the Laurel 4th of July Parade,"Laurel, Montana",,Montanans for Bernie Sanders,,,https://www.facebook.com/montanansforberniesanders,"Facebook,https://www.facebook.com/events/857068211048700/",,,,,10,
113,7/4/2015,9:30 AM,,MT,"Butte for Bernie, 4th of July Parade and post-parade Bernie-que at Foreman's Park Pavilion","Butte Civic Center 1340 Harrison Ave, Butte, Montana 59701",,Montanans for Bernie Sanders,,,https://www.facebook.com/montanansforberniesanders,"Facebook,https://www.facebook.com/events/1031807136829332/",,,,,78,
114,7/4/2015,12:00 PM,,OH,The Doo-Dah Parade!,Park Street heading north from Goodale,,Central Ohio Grassroots for Bernie Sanders,,,https://www.facebook.com/groups/349053251972140/,"Facebook,https://www.facebook.com/events/1591014041159896/",,,,,1,
115,7/8/2015,7:00 PM,9:00 PM,MA,Massachusetts for Bernie Sanders Meetup,"Downstairs @ Haymarket Cafe & Juice bar In Northampton, MA 01060",,Massachusetts for Bernie,,,http://massforbernie.com/,"Facebook,https://www.facebook.com/events/1663671077185575/",,,,,,
152,7/14/2015,,,MA,Boston - Rally for Bernie,"Dewey Square Across from Boston South Station (T: South Station, Red Line) Boston, MA 02108",02108,People For Bernie,,,http://www.peopleforbernie.com,"People For Bernie,http://www.peopleforbernie.com/47328/boston_rally_for_bernie",,,,,,
160,7/14/2015,,,IL,Northern IL for Bernie!,"Legends Bar and Grill 618 Superior Ave Machesney Park, IL 61115",61115,People For Bernie,,,http://www.peopleforbernie.com,"People For Bernie,http://www.peopleforbernie.com/aschowin99/northern_il_for_bernie",,,,,,
209,7/14/2015,6:00 PM,7:00 PM,FL,Noles Want Sanders First Organizational Meeting,"William Johnston Building, Tallahassee Florida, 32304",32304,Noles Want Bernie,,,https://www.facebook.com/NolesForBernie,"Facebook,https://www.facebook.com/events/932163323512028/",,,,,,
4,7/15/2015,,,ALL,15/15/15 Moneybomb for Bernie,,,Reddit For Sanders,,,http://www.reddit.com/r/SandersForPresident,"Thunderclap,https://www.thunderclap.it/projects/28138-15-15-15-moneybomb-for-bernie?locale=en","Reddit,http://www.reddit.com/r/SandersForPresident/comments/3aywvr/introducing_the_official_151515_moneybomb/","Facebook,http://www.facebook.com/718380944956717",,,,
27,7/15/2015,6:45 PM,,FL,7/15/15 - general meet and greet and organizing,"Lakeland Public Library 100 Lake Morton Dr, Lakeland, FL",33801,Central Florida Bernie Sanders supporters,,,http://www.meetup.com/Central-Florida-Bernie-Sanders-supporters/,"Meetup,http://www.meetup.com/Central-Florida-Bernie-Sanders-supporters/events/223316167/",,,,,,
207,7/15/2015,5:00 PM,,GA,Baseball & Bernie @ Rome Braves,"755 Braves Blvd NE, Rome, Georgia 30161",30161,Northwest Georgia Supporters of Bernie Sanders,,,www.NwGa4Bernie.com,"Facebook,https://www.facebook.com/events/862814723786648/",,,,,,
81,7/16/2015,9:00 PM,11:00 PM,AZ,#FeeltheBern at Netroots Nation 2016,"Club Palazzo 710 N Central Ave, Phoenix, Arizona 85004",85004,People for Bernie,,,http://www.peopleforbernie.com,"Facebook,https://www.facebook.com/events/462002773975849/",,,,,,
123,7/7/2015,6:30 PM,,MN,First Official MN Organizing for Bernie 2016 Meeting,"Southdale Library 7001 York Ave S, Minneapolis, MN",,Minnesota for Bernie Sanders,,,http://www.meetup.com/Minnesota-for-Bernie-Meetup/,"Meetup,http://www.meetup.com/Minnesota-for-Bernie-Meetup/events/223670364","Facebook,https://www.facebook.com/events/598203913616084",,,,,
124,7/5/2015,6:00 PM,,LA,The S word: Is America ready for Bernie Sanders &co. and Democratic Socialism?,"Whole Foods Market 300 N Broad St # 103, New Orleans, LA",,New Orleans Intelligent Conversation & Culture Club,,,http://www.meetup.com/noiccc/,"Meetup,http://www.meetup.com/noiccc/events/223672767",,,,,,
116,7/16/2015,6:00 PM,8:00 PM,VA,#Bernie2016 Cville Meetup,"1301 Harris St., Charlottesville, VA",14607,Virginia 4 Bernie,,,twitter.com/virginia4bernie,"Facebook,https://www.facebook.com/events/1072454649450357/",,,,,,
128,7/16/2015,6:00 PM,8:00 PM,DC,Washington DC Meet and Greet Reception,"Blue Jacket Brewery (Washington, DC) The Arsenal Restaurant 300 Tingey Street SE Washington, DC 20003",20003,Bernie Sanders 2016,,,http://www.meetup.com/Virginians-for-Bernie-Sanders-2016/,"Official Bernie Site,https://go.berniesanders.com/page/event/detail/meetandgreetfundraiser/wrtk",,,,,,1
159,7/16/2015,,,TN,Morristown meet and greet,"Morristown-Hamblen Library 417 W Main St Morristown, TN 37814",37814,People For Bernie,,,http://www.peopleforbernie.com,"People For Bernie,http://www.peopleforbernie.com/60898/morristown_meet_and_greet",,,,,,
197,7/16/2015,6:30,,MT,Billings Meet-Up #2,"Billings Public Library 510 N Broadway, Billings, Montana 59101",59101,Eastern Montana For Bernie Sanders,,,https://www.facebook.com/groups/1610542799219277,"Facebook,https://www.facebook.com/events/614019452034854/","Facebook (Montanans for Bernie),https://www.facebook.com/events/919694854748944/",,,,,
7,7/18/2015,10:40 AM,1:40 PM,ALL,Tweetstorm for Bernie Sanders at Netroots Nation,,,Glendale for Bernie Sanders,,,https://www.facebook.com/groups/1440802566222283/,"Facebook,https://www.facebook.com/events/1848398378717735/",,,,,,
130,7/6/2015,,,NY,Westchester People for Bernie Meet Up #2,9 Rigedell Ave,,People For Bernie,,,http://www.peopleforbernie.com,"People For Bernie,http://www.peopleforbernie.com/cariyogi/westchester_people_for_bernie_meet_up_2",,,,,,
14,7/18/2015,11:00 AM,,CA,San Diego Pride - March for Bernie Sanders,"Hillcrest Pride Flag, University Ave and Normal St, San Diego, California 92103",92103,San Diego For Sanders 2016,,,"Website,http://www.sandiegoforberniesanders2016.com/","Reddit,https://www.reddit.com/r/CaliforniaForSanders/comments/3aiv93/san_diego_pride_march_for_bernie_sanders/","Facebook,https://www.facebook.com/events/385625041642316/","People For Bernie,http://www.peopleforbernie.com/sandiego4bernie/san_diego_pride_march_for_bernie",,,,
19,7/18/2015,6:30,9:30,CA,Our Barn-Stormin'-for-Bernie Fundraiser in the IE,"Tios Tacos Riverside 3948 Mission Inn Ave, Riverside, California 92501",92501,,,,,"Facebook,https://www.facebook.com/events/1382705902028979/",,,,,,
57,7/18/2015,12:00 PM,5:00 PM,NY,Democratic Socialists of America - Street Outreach for Bernie Sanders,"Bushwick Park Knickerbocker Ave. and Starr St., Brooklyn, NY",11237,Democratic Socialists of America,,,http://www.dsausa.org/,"Meetup,http://www.meetup.com/nycdsa/events/223603682",,,,,,
65,7/18/2015,11:00 AM,12:00 PM,OR,Eugene For Bernie,"Eugene Growers Market 454 Willamette St. Eugene, OR",97401,,,,,"Contact Organizer via Email,mailto:jerrybe99@gmail.com",,,,,,
78,7/18/2015,10:30 AM,,,"Watch party for Netroots Nation Town Hall feat. Bernie Sanders, Martin O'Malley","Manuel's Tavern 602 N Highland Ave NE, Atlanta, Georgia 30307",30307,Georgia for Bernie Sanders Campaign Group,,,https://www.facebook.com/groups/GeorgiaforBernieSanders/,"Facebook,https://www.facebook.com/events/940131156049568/",,,,,,
94,7/18/2015,6:00 AM,9:00 PM,IA,"WALKIN N TALKIN IN DES MOINES, IOWA","DES MOINES, IOWA ",,Greater Kansas City for Bernie Sanders 2016,,https://twitter.com/kc4bernie,https://www.facebook.com/KC4Bernie?fref=ts,"Sign Up site,http://www.signupgenius.com/go/20f0545afaa2aa6fa7-brigade",,,,,,
106,7/18/2015,10:00 AM,12:00 PM,FL,Jacksonville for Bernie Inaugural Meeting,"Saturday, July 18th 10AM-Noon Zodiac Bar & Grill 120 W Adams Jacksonville, FL 32202",32202,Jacksonville for Bernie Sanders,,,https://www.facebook.com/jaxforbernie,"Facebook,https://www.facebook.com/events/817829751648735/",,,,,,
129,7/18/2015,,,AZ,Tweetstorm to Bern the Internet for Bernie Sanders at Netroots Nation!,"The Internet, Sheraton Phoenix Downtown Hotel Phoenix, AZ 85004
",85004,People For Bernie,,,http://www.peopleforbernie.com,"People For Bernie,http://www.peopleforbernie.com/tweetstorm_to_bern_the_internet_for_bernie_sanders_at_netroots_nation",,,,,,
137,7/18/2015,,,CA,Silicon Valley People For Bernie,"Lenzen Square at the Alameda 790 Lenzen Ave San Jose, CA 95126",95126,People For Bernie,,,http://www.peopleforbernie.com,"People For Bernie,http://www.peopleforbernie.com/ganymede235/silicon_valley_people_for_bernie_bqsm1c6n8eeofwzuneufxqjuh0a",,,,,,
138,7/18/2015,,,CO,Peoplenfor Bernie BBQ,"Roosevelt Park 910 Longs Peak Ave Longmont, CO 80506",80506,People For Bernie,,,http://www.peopleforbernie.com,"People For Bernie,http://www.peopleforbernie.com/monger/peoplenfor_bernie_bbq",,,,,,
139,7/18/2015,,,RI,Rhode Island for Bernie Sanders July Meetup,"Warwick Public Library 600 Sandy Ln Warwick, RI 02889",02889,People For Bernie,,,http://www.peopleforbernie.com,"People For Bernie,http://www.peopleforbernie.com/jeaninecalkin/rhode_island_for_bernie_sanders_july_meetup","Facebook,https://www.facebook.com/events/486155424868824/",,,,,
140,7/18/2015,,,DUPLICATE,San Diego Pride - March for Bernie,University Ave and Normal St,,People For Bernie,,,http://www.peopleforbernie.com,"People For Bernie,http://www.peopleforbernie.com/sandiego4bernie/san_diego_pride_march_for_bernie",,,,,,
141,7/18/2015,,,WA,Bernie Booth @ Vashon Strawberry Festival!,"Vashon Island Strawberry Festival 17141 Vashon Hwy SW Vashon Island, WA 98070",98070,People For Bernie,,,http://www.peopleforbernie.com,"People For Bernie,http://www.peopleforbernie.com/marchtwisdale/bernie_booth_vashon_strawberry_festival",,,,,,
185,7/18/2015,2:00 PM,,IA,Bernie Sanders 2016 Webster County Organizing Meeting,Perkins Restaurant & Bakery 511 South 32nd St. Fort Dodge IA,50501,,,,,"Facebook,http://www.facebook.com/1620457261572623",,,,,,
203,7/18/2015,2:00 PM,4:00 PM,GA,Athens for Bernie Sanders Inaugural Meetup ,"Blind Pig Tavern 485 Baldwin Street Athens, GA 30605",30605,Athens for Bernie Sanders,,,https://www.facebook.com/Athens4Bernie2016,"Facebook,https://www.facebook.com/events/396326697235145/",,,,,,
216,7/18/2015,7:00 PM,,AZ,Phoenix Town Meeting on July 18 at 7pm,"Comerica Theatre (Phoenix, AZ) 400 W Washington Street Phoenix, AZ 85003",85003,Bernie Sanders Official Campaign,,,www.berniesanders.com,"Official Bernie Site,https://go.berniesanders.com/page/event/detail/wrwd",,,,,,
20,7/19/2015,12:00 PM,4:00 PM,CA,Bernie Sanders for President 2016 - Highland Park for Bernie Sanders,112 Roselawn Pl. Los Angeles Ca,90042,Bernie Sanders 2016,,,http://www.berniesanders.com,"Official Bernie Site,https://secure.berniesanders.com/page/event/detail/jwt","Facebook,https://www.facebook.com/events/1669939883236329/",,,,,
148,7/6/2015,,,ME,"Town Meeting with Bernie in Portland, Maine",Ocean Gateway Pier Old Port,,People For Bernie,,,http://www.peopleforbernie.com,"People For Bernie,http://www.peopleforbernie.com/eaduddy/town_meeting_with_bernie_in_portland_maine",,,,,,
149,7/6/2015,,,CA,San Diego for Bernie Sanders,3130 Moore St,,People For Bernie,,,http://www.peopleforbernie.com,"People For Bernie,http://www.peopleforbernie.com/andrewc/san_diego_for_bernie_sanders",,,,,,
150,7/7/2015,,,NC,WILMINGTON NORTH CAROLINA FOR BERNIE MEET AND GREET,1328 N Lake Park Blvd,,People For Bernie,,,http://www.peopleforbernie.com,"People For Bernie,http://www.peopleforbernie.com/cfireland/wilmington_north_carolina_for_bernie_meet_and_greet",,,,,,
36,7/19/2015,,,IA,Bernie RAGBRAI Group,,,Iowa For Sanders,,,https://www.reddit.com/r/IowaForSanders,"Reddit,https://www.reddit.com/r/IowaForSanders/comments/38vfb4/bernie_ragbrai_group/",,,,,,
67,7/19/2015,12:00 PM,,PA,West Philadelphian's for Bernie Sanders Meet and Greet Pot Luck,"clark park : west philadelphia, pennsylvania 43rd & Baltimore Ave, Philadelphia, Pennsylvania 19104",19104,,,,,"Facebook,https://www.facebook.com/events/850912188323312/",,,,,,
82,7/19/2015,2:00 PM,4:00 PM,TN,Nashville for Bernie Sanders,"Tin Roof Broadway 316 Broadway, Nashville, Tennessee 37201",37201,People for Bernie,,,http://www.peopleforbernie.com,"People for Bernie,http://www.peopleforbernie.com/65077/nashville_for_bernie_sanders","Facebook,https://www.facebook.com/events/1631255633829688/
","Facebook,https://www.facebook.com/events/1463419270641424/",,,,
95,7/19/2015,6:00 AM,9:00 PM,IA,"WALKIN N TALKIN IN DES MOINES, IOWA","DES MOINES, IOWA ",,Greater Kansas City for Bernie Sanders 2016,,https://twitter.com/kc4bernie,https://www.facebook.com/KC4Bernie?fref=ts,"Sign Up site,http://www.signupgenius.com/go/20f0545afaa2aa6fa7-brigade",,,,,,
119,7/19/2015,2:00 PM,4:00 PM,CA,Bernie Sanders for President 2016 House Party,Off Jamboree and Canyon View - Email askdmarie@gmail.com for address,92869,OC for Bernie Sanders,,,http://www.meetup.com/OC-for-Bernie-Sanders/,"Meetup,http://www.meetup.com/OC-for-Bernie-Sanders/events/223687891/",,,,,,
156,7/8/2015,,,TN,Knoxville For Bernie,4524 Old Kingston Pike,,People For Bernie,,,http://www.peopleforbernie.com,"People For Bernie,http://www.peopleforbernie.com/waheguru99/knoxville_for_bernie_42NtfX5xP0Uy6CEZSbZdCoOycfQ=",,,,,,
166,7/19/2015,,,DUPLICATE,Hey Y'all! Join Nashville for Our July 19th Meetup!,316 Broadway,,People For Bernie,,,http://www.peopleforbernie.com,"People For Bernie,http://www.peopleforbernie.com/39090/hey_y_all_join_nashville_for_our_july_19th_meetup",,,,,,
167,7/19/2015,,,TN,Nashville for Bernie Sanders,"Tin Roof on Broadway 316 Broadway Nashville, TN 37201",37201,People For Bernie,,,http://www.peopleforbernie.com,"People For Bernie,http://www.peopleforbernie.com/65077/nashville_for_bernie_sanders",,,,,,
183,7/19/2015,2:00 PM,,DUPLICATE,Bernie Sanders 2016 - Fredericksburg Meetup,Art Mart 1405 Princess Anne St Fredericksburg VA,22401,,,,,"Facebook,http://www.facebook.com/927322117290749",,,,,,
184,7/19/2015,2:00 PM,,VA,Bernie Sanders 2016 - Fredericksburg Meetup,"1405 Princess Anne St, Fredericksburg, Virginia 22401",22401,Bernie Sanders 4 NOVA,https://www.facebook.com/groups/BernieSanders4NOVA/,,https://www.facebook.com/groups/BernieSanders4NOVA/,"Facebook,http://www.facebook.com/879321342157986","Facebook,http://www.facebook.com/927322117290749",,,,,
200,7/19/2015,3:00 PM,4:30 PM,MT,Missoula for Bernie Meetup #2,"209 E Main St, Missoula,MT, 59802",59802,Montanans for Bernie,,,https://www.facebook.com/montanansforberniesanders,"Facebook,https://www.facebook.com/events/1460876170897824/",,,,,,
201,7/19/2015,6:00 PM,7:30 PM,MT,Bozeman for Bernie meetup #3,"422 E Mendenhall, Bozeman, MT 59715 Gallatin Labor Temple",59715,Montanans for Bernie,,,https://www.facebook.com/montanansforberniesanders,"Facebook,https://www.facebook.com/events/1618512495097723/",,,,,,
205,7/19/2015,1:00 PM,,TX,Fort Worth campaign for Bernie Sanders,"1310 W. Allen Ave., Fort Worth, TX 76110",76110,Fort Worth for Bernie Sanders,,,https://www.facebook.com/FW4Bernie?fref=ts,"Meetup,http://www.meetup.com/Fort-Worth-for-Bernie-Sanders/events/223495023/",,,,,,
118,7/20/2015,6:00 PM,8:00 PM,NY,NYC4Bernie Chelsea Meetup,"Jake's Saloon 206 West 23rd Street, New York, NY",10011,NYC for Bernie,,,http://www.meetup.com/NYCforBERNIE/,"Meetup,http://www.meetup.com/NYCforBERNIE/events/223678518",,,,,,
182,7/20/2015,6:00 PM,8:00 PM,IA,Yearn For Bern: The 1st Organizing Meeting for Bernie Sanders,Cedar Rapids Public Library 450 Fifth Ave SE Cedar Rapids IA, 52401,,,,,"Facebook,http://www.facebook.com/1604040309885564",,,,,,
15,7/21/2015,,,CA,Monterey Bay for Bernie,"Gianni's Pizza of Monterey, 725 Lighthouse Ave, Monterey, California 93940",93940,Monterey For Bernie,,,https://www.facebook.com/groups/MontereyBayforBernie/,"Facebook,https://www.facebook.com/events/813517422051243/","Reddit,https://www.reddit.com/r/CaliforniaForSanders/comments/3b1eji/monterey_for_bernie_1st_meetup_july_21st/",,,,,
181,7/21/2015,7:00 PM,9:00 PM,KS,Meeting of Douglas County Coalition for Bernie Sanders,"Lawrence Public Library 707 Vermont St, Lawrence, Kansas 66044",66044,,,,,"Facebook,http://www.facebook.com/648004145334608",,,,,,
168,7/6/2015,,,NY,Brooklyn for Bernie!,,,People For Bernie,,,http://www.peopleforbernie.com,"People For Bernie,http://www.peopleforbernie.com/42264/brooklyn_for_bernie_MpBXI+6z2jJZh3M+3QKKrxvE6xI=",,,,,,
198,7/21/2015,,,CANCELLED,Yellowstone Democratic Dinner,TBA,,Eastern Montana for Bernie Sanders,,,https://www.facebook.com/groups/1610542799219277,"Facebook,https://www.facebook.com/events/488442167982163/",,,,,,
170,7/9/2015,6:00 PM,,OH,Central Ohio Grassroots for Bernie Sanders Meeting,"300 W Lane Ave, Columbus, OH 43201",,Central Ohio Grassroots for Sanders,,,https://www.facebook.com/groups/349053251972140/,"People For Bernie,http://www.peopleforbernie.com/centralohiograssrootsforberniesanders/central_ohio_grassroots_for_bernie_sanders_meeting",,,,,,
171,7/6/2015,6:30 PM EST,,ALL,"Social Media Storm Supporting the Bernie Sanders Rally in Portland, ME",,,Bernie Sanders Social Media Collective,,,https://www.facebook.com/groups/BernieSandersSocialMediaCollective/,"Facebook,https://www.facebook.com/events/1612009212396664/",,,,,,
10,7/22/2015,6:00 PM,,AZ,Quien es ese viejito y porque esta tan enojado? (Bernie Sanders House Party!),"Gourmet House of Hong Kong, 1438 E McDowell Rd, Phoenix, AZ",85006,,,,,"Facebook,https://www.facebook.com/events/367261943483231/",,,,,,
107,7/22/2015,6:30 PM,8:30 PM,CA,July General Meeting for All,"1950 Wild Oak Lane Chico, CA 95928",95928,North Staters for Bernie,,,https://www.facebook.com/groups/1429779160678215/,"Facebook,https://www.facebook.com/events/947351061954525/
",,,,,,
136,7/22/2015,,,CA,Monterey Bay for Bernie Sanders! 1st Meet-up!,"Gianni's Pizza- Backroom 725 Lighthouse Ave Monterey, CA 93940",93940,People For Bernie,,,http://www.peopleforbernie.com,"People For Bernie,http://www.peopleforbernie.com/50140/monterey_bay_for_bernie_sanders_1st_meet_up",,,,,,
212,7/24/2015,5:30 PM,7:00 PM,CA,Let's get people HONKING for Bernie,"Northwest corner of Honolulu Ave. and Ocean View Blvd. Montrose, 91020",91020,Glendale for Bernie,,,https://www.facebook.com/groups/1440802566222283/,"Facebook,https://www.facebook.com/events/1682931808607248/",,,,,,
66,7/25/2015,11:00 AM,12:00 PM,OR,Eugene For Bernie,"Eugene Growers Market 454 Willamette St. Eugene, OR",97401,,,,,"Contact Organizer via Email,mailto:jerrybe99@gmail.com",,,,,,
96,7/25/2015,6:00 AM,9:00 PM,IA,"WALKIN N TALKIN IN DES MOINES, IOWA","DES MOINES, IOWA ",,Greater Kansas City for Bernie Sanders 2016,,https://twitter.com/kc4bernie,https://www.facebook.com/KC4Bernie?fref=ts,"Sign Up site,http://www.signupgenius.com/go/20f0545afaa2aa6fa7-brigade",,,,,,
179,7/25/2015,3:00 PM,5:00 PM,MI,Bernie Sanders Volunteer Meet up- Muskegon/ Spring Lake area,Central Park 817 Central Ave Spring Lake MI 49456,49456,Michiganders for Bernie,,,https://www.facebook.com/groups/2016Bernie/,"Facebook,http://www.facebook.com/509744519180271",,,,,,
180,7/25/2015,10:00 AM,11:30 AM,SC,Bernie Sanders Spartanburg organizing group,Westside Branch Library 525 Oak Grove Rd Spartanburg SC,29301,,,,,"Facebook,http://www.facebook.com/1467711113539451",,,,,,
97,7/26/2015,6:00 AM,9:00 PM,IA,"WALKIN N TALKIN IN DES MOINES, IOWA","DES MOINES, IOWA ",,Greater Kansas City for Bernie Sanders 2016,,https://twitter.com/kc4bernie,https://www.facebook.com/KC4Bernie?fref=ts,"Sign Up site,http://www.signupgenius.com/go/20f0545afaa2aa6fa7-brigade",,,,,,
117,7/26/2015,1:00 PM,5:00 PM,CA,Summer Party,"Jack Kurzweil's House 1737 Alston Way, Berkeley, CA",94703,"East Bay ""Democracy for America"" Meetup",,,http://www.meetup.com/dfa-78/,"Meetup,http://www.meetup.com/dfa-78/events/223611700",,,,,,
155,7/26/2015,,,IL,Shana & Jackrabbit's Potluck for Bernie (+ housewarming party!),"2905 W Belmont Ave #1F Chicago, IL 60618",60618,People For Bernie,,,http://www.peopleforbernie.com,"People For Bernie,http://www.peopleforbernie.com/shanaeast/shana_and_jackrabbits_potluck4bernie",,,,,,
26,7/27/2015,5:30 PM,,FL,Gainesville for Bernie at High Dive,"High Dive Bar at 210 SW 2nd Ave, Gainesville Fl, 32609",32609,Alachua County Wants Bernie Sanders,,,https://www.facebook.com/groups/1585634151705741/,"Facebook,https://www.facebook.com/events/835874983155750/","Reddit,https://www.reddit.com/r/FloridaForSanders/comments/3b59zn/gainesville_meetup_for_bernie_sanders_2016_at_the/",,,,,
75,7/27/2015,1:00 PM,,VA,South Hampton Roads for Bernie Sanders,"The Cutting Edge- Fresh Food Fast 1434 Sams Dr Suite 102, Chesapeake, Virginia 23320",23320,,,,,"Facebook,https://www.facebook.com/events/1491233781167358/",,,,,,
178,7/28/2015,,,WA,Bernie Sanders Fundraiser+ live music!,"Quimper Grange, Pt. Townsend Tango 1219 Corona St, Port Townsend, Washington 98368",98368,,,,,"Facebook,http://www.facebook.com/669726949828070",,,,,,
110,7/29/2015,,,ALL,GROWING OUR POLITICAL REVOLUTION - Are you willing to host or attend an organizing meeting on July 29th?,,,Bernie Sanders Campaign,,,http://www.berniesanders.com,"Facebook,https://go.berniesanders.com/page/s/organizing-meetings",,,,YES,,
175,7/29/2015,6:00 PM,,CA,Bernie Sanders Organizing Meeting,TBA ,,,,,,"Facebook,http://www.facebook.com/1616160435329007",,,,,,
176,7/29/2015,7:00 PM,8:00 PM,OH,Athens for Bernie Sanders July Meetup,"Athens Community Center 701 E State St, Athens, Ohio 45701",45701,Athens for Bernie Sanders,https://www.facebook.com/groups/720332861428314/,,https://www.facebook.com/groups/720332861428314/,"Facebook,http://www.facebook.com/704751623003822",,,,,,
177,7/29/2015,,,FL,Bernie Sanders Grassroots Political Revolution meeting,"TBA, tentatively set for Leon County Library main branch",,,,,,"Facebook,http://www.facebook.com/864654250268065",,,,,,
206,7/29/2015,7:00 PM,9:00 PM,CA,Glendale for Bernie July 29th Meetup,1377 E. Windsor Rd. First Floor 91205,91205,Glendale for Bernie,,,https://www.facebook.com/groups/1440802566222283/?ref=br_tf,"Facebook,https://www.facebook.com/events/889311421147570/",,,,,,
213,7/29/2015,7:00 PM,9:00 PM,OR,Corvallis Meet Up and Volunteer Sign Up,"Corvallis Benton County Public Library 645 NW Monroe Ave Corvallis, OR 97330",97330,We Want Bernie,,,http://wewantbernie.nationbuilder.com/,"We Want Bernie,http://wewantbernie.nationbuilder.com/occupyorsteph/corvallis_we_want_bernie_meet_up

",,,,,,
214,7/29/2015,5:30 PM,6:30 PM,FL,Boca Raton/Delray Beach Want Bernie,"14350 Hagen Ranch Rd, Delray Beach, Florida 33446",33446,Florida Wants Bernie,,,https://www.facebook.com/floridaforsanders,"Facebook,https://www.facebook.com/events/1464611327188223/",,,,,,
80,7/31/2015,,,ALL,Send Your Photo: Why is Bernie Good for Women?,,,Women for Bernie,,,https://www.facebook.com/Women4Bernie,"Facebook,https://www.facebook.com/events/1454754074845287/","Submit Your Photo,http://www.jotform.us/Women4Bernie/Bernie4Women","Instructions,http://www.women4bernie.us/blog/why-do-you-think-bernie-sanders-is-good-for-women",,,,
6,8/1/2015,,,ALL,Millennial Selfies for Bernie Sanders! Campaign (July 1 - Aug 1),,,Millenials for Bernie,,,https://www.facebook.com/events/801802683271739/,"Facebook,https://www.facebook.com/events/801802683271739/",,,,,,
195,7/9/2015,7:00 PM,,MO,St. Joe for Bernie Sanders 2016 - Informal Meet & Greet,The Tiger's Den 517 Felix St Saint Joseph MO,,,,,,"Facebook,http://www.facebook.com/986753221356078",,,,,,
98,8/1/2015,6:00 AM,9:00 PM,IA,"WALKIN N TALKIN IN DES MOINES, IOWA","DES MOINES, IOWA ",,Greater Kansas City for Bernie Sanders 2016,,https://twitter.com/kc4bernie,https://www.facebook.com/KC4Bernie?fref=ts,"Sign Up site,http://www.signupgenius.com/go/20f0545afaa2aa6fa7-brigade",,,,,,
134,8/1/2015,,,DUPLICATE,Rochester for Bernie ,"Flying Squirrel Community Center 285 Clarissa St Rochester, NY 14608",14608,People For Bernie,,,http://www.peopleforbernie.com,"People For Bernie,http://www.peopleforbernie.com/upstateforbernie/rochester_for_bernie",,,,,,
135,8/1/2015,,,NOT EVENT,NOT a gathering YET. Posting to generate interest/ideas for a gathering.,,,People For Bernie,,,http://www.peopleforbernie.com,"People For Bernie,http://www.peopleforbernie.com/upstateforbernie/not_a_gathering_yet_posting_to_generate_interest_ideas_for_a_gathering",,,,,,
174,8/1/2015,12:00 PM,,GA,Who is that guy? Bernie Sanders Platform Q&A Session,"2405 East 38th St, Savannah, GA 31404",31404,,,,,"Facebook,http://www.facebook.com/401837030024505",,,,,,
202,8/1/2015,3:30 PM,5:30 PM,NY,Rochester for Sanders,"The Flying Squirel Community Center - 285 Clarissa St, Rochester, NY 14608",14608,Rochester for Sanders 2016,,,https://www.facebook.com/RocforSanders,"Facebook,https://www.facebook.com/events/1067558626607214/","People For Bernie,http://www.peopleforbernie.com/upstateforbernie/rochester_for_bernie",,,,,
99,8/2/2015,6:00 AM,9:00 PM,IA,"WALKIN N TALKIN IN DES MOINES, IOWA","DES MOINES, IOWA ",,Greater Kansas City for Bernie Sanders 2016,,https://twitter.com/kc4bernie,https://www.facebook.com/KC4Bernie?fref=ts,"Sign Up site,http://www.signupgenius.com/go/20f0545afaa2aa6fa7-brigade",,,,,,
165,8/4/2015,,,TN,"Bring Bernie to Knoxville, TN! ","Baymont Inn & Suites 4038 Hwy 127N Crossville, TN 38555",38555,People For Bernie,,,http://www.peopleforbernie.com,"People For Bernie,http://www.peopleforbernie.com/angeliagarrison/bring_bernie_to_knoxville_tn",,,,,,
173,8/5/2015,6:00 PM,,NY,Bernie Sanders & Russ Feingold Fundraiser,"Kettle of Fish 59 Christopher St Frnt 2, New York, New York 10014",10014,,,,,"Facebook,http://www.facebook.com/1693966624159434",,,,,,
196,8/5/2015,,,ALL,DNC Debate Push,,,Reddit For Sanders,,,http://www.reddit.com/r/SandersForPresident,"Reddit,https://www.reddit.com/r/SandersForPresident/comments/3b1a7g/official_post_regarding_the_2nd_debate_push_and/",,,,,,
199,8/7/2015,,,MT,Montana Fair,"MetraPark 308 6th Ave North, Billings, Montana 59102",59102,Eastern Montana for Bernie Sanders,,,https://www.facebook.com/groups/1610542799219277,"Facebook,https://www.facebook.com/events/140124202985487/",,,,,,
5,8/8/2015,,,ALL,Chalk the Block with Bernie Day,,,Reddit For Sanders,,,http://www.reddit.com/r/SandersForPresident,"Facebook,https://www.facebook.com/events/835545563198517/","Reddit,https://www.reddit.com/r/SandersForPresident/comments/3bi9mq/worldwide_chalk_the_block_for_bernie_day_888/",,,,,
100,8/8/2015,6:00 AM,9:00 PM,IA,"WALKIN N TALKIN IN DES MOINES, IOWA","DES MOINES, IOWA ",,Greater Kansas City for Bernie Sanders 2016,,https://twitter.com/kc4bernie,https://www.facebook.com/KC4Bernie?fref=ts,"Sign Up site,http://www.signupgenius.com/go/20f0545afaa2aa6fa7-brigade",,,,,,
101,8/9/2015,6:00 AM,9:00 PM,IA,"WALKIN N TALKIN IN DES MOINES, IOWA","DES MOINES, IOWA ",,Greater Kansas City for Bernie Sanders 2016,,https://twitter.com/kc4bernie,https://www.facebook.com/KC4Bernie?fref=ts,"Sign Up site,http://www.signupgenius.com/go/20f0545afaa2aa6fa7-brigade",,,,,,
102,8/15/2015,6:00 AM,9:00 PM,IA,"WALKIN N TALKIN IN DES MOINES, IOWA","DES MOINES, IOWA ",,Greater Kansas City for Bernie Sanders 2016,,https://twitter.com/kc4bernie,https://www.facebook.com/KC4Bernie?fref=ts,"Sign Up site,http://www.signupgenius.com/go/20f0545afaa2aa6fa7-brigade",,,,,,
103,8/16/2015,6:00 AM,9:00 PM,IA,"WALKIN N TALKIN IN DES MOINES, IOWA","DES MOINES, IOWA ",,Greater Kansas City for Bernie Sanders 2016,,https://twitter.com/kc4bernie,https://www.facebook.com/KC4Bernie?fref=ts,"Sign Up site,http://www.signupgenius.com/go/20f0545afaa2aa6fa7-brigade",,,,,,
108,8/16/2015,7:00 PM,11:00 PM,MT,Bands for Bernie,Eagles Club- Upstairs 316 E. Main St Bozeman MT,59715,Montanans For Bernie,,,www.mtforbernie.com,"Facebook,https://www.facebook.com/events/471917959634662/
",,,,,,
61,8/22/2015,,,OH,Debates and discussion in University heights (Candidates not in attendance),"University Heights Public Library, 13866 Cedar Rd., University Heights, Ohio 44118",44118,Central Ohio Grassroots for Bernie Sanders,,,http://www.meetup.com/Southern-Ohio-Grassroots-for-Bernie-Sanders/,"Reddit,https://www.reddit.com/r/ohioforsanders/comments/3ao3sb/the_bernie_sanders_presidential_campaign/","Meetup,http://www.meetup.com/Southern-Ohio-Grassroots-for-Bernie-Sanders/events/223407714/",,,,,
104,8/22/2015,6:00 AM,9:00 PM,IA,"WALKIN N TALKIN IN DES MOINES, IOWA","DES MOINES, IOWA ",,Greater Kansas City for Bernie Sanders 2016,,https://twitter.com/kc4bernie,https://www.facebook.com/KC4Bernie?fref=ts,"Sign Up site,http://www.signupgenius.com/go/20f0545afaa2aa6fa7-brigade",,,,,,
41,8/23/2015,11:00 AM,11:00 PM,IL,BERNIE FEST 2015,TBA,,People for Bernie & Chicago For Bernie,,,http://www.peopleforbernie.com,"Facebook,https://www.facebook.com/events/468220966669709/",,,,,,
105,8/23/2015,6:00 AM,9:00 PM,IA,"WALKIN N TALKIN IN DES MOINES, IOWA","DES MOINES, IOWA ",,Greater Kansas City for Bernie Sanders 2016,,https://twitter.com/kc4bernie,https://www.facebook.com/KC4Bernie?fref=ts,"Sign Up site,http://www.signupgenius.com/go/20f0545afaa2aa6fa7-brigade",,,,,,
151,9/25/2015,,,NY,Comics Love Bernie: A Fundraiser for Bernie Sanders,"Broadway Comedy Club 318 West 53 Street New York, NY 10019 United States",10019,People For Bernie,,,http://www.peopleforbernie.com,"People For Bernie,http://www.peopleforbernie.com/paulhallasy/comics_love_bernie_a_fundraiser_for_bernie_sanders","Facebook,http://www.facebook.com/1608170499452268",,,,,
153,9/27/2015,,,ME,Public Rally & Private Windjammer Fundraiser Cruise for Bernie,"Maine State Pier Corner of Commercial St & Franklin Arterial Portland, ME 04101",04101,People For Bernie,,,http://www.peopleforbernie.com,"People For Bernie,http://www.peopleforbernie.com/rocket16/public_rally_private_windjammer_fundraiser_cruise_for_bernie",,,,,,
88,10/11/2015,8:00 AM,3:30 PM,MN,Mankato River Ramble,"Land of Memories Park 100 Amos Owen Ln, Mankato, MN",56001,Minnesota for Bernie Sanders 2016,,,http://www.meetup.com/Minnesota-for-Bernie-Meetup/,"Meetup,http://www.meetup.com/Minnesota-for-Bernie-Meetup/events/223531619/",,,,,,